Condition,ItemNumber,Flip,33Include,AgentName,AgentShape,AgentShapeLower,PatientName,PatientShape,PatientShapeLower,VerbStem,PastTense,PastParticiple,Verb,ProgressiveActive,PastActive,GenericProgressiveActive,GenericPastActive,ProgressivePassive,PastPassive,GenericProgressivePassive,GenericPastPassive,Question,Answer,Rand_C,IntendedOnset,IntendedDuration,OptCondition
Agent,26,0,1,Lily,Triangle,triangle,Zach,Star,star,shak,shook,shaken,shake,Lily Triangle is shaking Zach Star.,Lily Triangle shook Zach Star.,The triangle is shaking the star.,The triangle shook the star.,Zach Star is being shaken by Lily Triangle.,Zach Star was shaken by Lily Triangle.,The star is being shaken by the triangle.,The star was shaken by the triangle.,NA,NA,0.034165141,0,4,Agent
Agent,34,0,1,Zach,Star,star,Kyle,Square,square,bounc,bounced,bounced,bounce,Zach Star is bouncing Kyle Square.,Zach Star bounced Kyle Square.,The star is bouncing the square.,The star bounced the square.,Kyle Square is being bounced by Zach Star.,Kyle Square was bounced by Zach Star.,The square is being bounced by the star.,The square was bounced by the star.,NA,NA,0.041110065,4,4,Agent
Fixation,NA,NA,NA,,NA,,NA,,NA,,NA,,NA,,NA,,NA,,NA,,NA,,NA,,8,8,NULL
Patient,20,0,1,Lily,Triangle,triangle,Zach,Star,star,bounc,bounced,bounced,bounce,Lily Triangle is bouncing Zach Star.,Lily Triangle bounced Zach Star.,The triangle is bouncing the star.,The triangle bounced the star.,Zach Star is being bounced by Lily Triangle.,Zach Star was bounced by Lily Triangle.,The star is being bounced by the triangle.,The star was bounced by the triangle.,NA,NA,1.112020085,16,4,Patient
Agent,38,1,1,Zach,Star,star,Lily,Triangle,triangle,roll,rolled,rolled,roll,Zach Star is rolling Lily Triangle.,Zach Star rolled Lily Triangle.,The star is rolling the triangle.,The star rolled the triangle.,Lily Triangle is being rolled by Zach Star.,Lily Triangle was rolled by Zach Star.,The triangle is being rolled by the star.,The triangle was rolled by the star.,NA,NA,0.071852959,20,4,Agent
Fixation,NA,NA,NA,,NA,,NA,,NA,,NA,,NA,,NA,,NA,,NA,,NA,,NA,,24,2,NULL
Agent,20,0,1,Lily,Triangle,triangle,Zach,Star,star,bounc,bounced,bounced,bounce,Lily Triangle is bouncing Zach Star.,Lily Triangle bounced Zach Star.,The triangle is bouncing the star.,The triangle bounced the star.,Zach Star is being bounced by Lily Triangle.,Zach Star was bounced by Lily Triangle.,The star is being bounced by the triangle.,The star was bounced by the triangle.,NA,NA,0.14705036,26,4,Agent
Fixation,NA,NA,NA,,NA,,NA,,NA,,NA,,NA,,NA,,NA,,NA,,NA,,NA,,30,4,NULL
Patient,41,0,1,Zach,Star,star,Lily,Triangle,triangle,shak,shook,shaken,shake,Zach Star is shaking Lily Triangle.,Zach Star shook Lily Triangle.,The star is shaking the triangle.,The star shook the triangle.,Lily Triangle is being shaken by Zach Star.,Lily Triangle was shaken by Zach Star.,The triangle is being shaken by the star.,The triangle was shaken by the star.,NA,NA,1.115954268,34,4,Patient
Agent,22,0,1,Lily,Triangle,triangle,Kyle,Square,square,roll,rolled,rolled,roll,Lily Triangle is rolling Kyle Square.,Lily Triangle rolled Kyle Square.,The triangle is rolling the square.,The triangle rolled the square.,Kyle Square is being rolled by Lily Triangle.,Kyle Square was rolled by Lily Triangle.,The square is being rolled by the triangle.,The square was rolled by the triangle.,NA,NA,0.189462089,38,4,Agent
Agent,37,1,1,Zach,Star,star,Kyle,Square,square,roll,rolled,rolled,roll,Zach Star is rolling Kyle Square.,Zach Star rolled Kyle Square.,The star is rolling the square.,The star rolled the square.,Kyle Square is being rolled by Zach Star.,Kyle Square was rolled by Zach Star.,The square is being rolled by the star.,The square was rolled by the star.,NA,NA,0.200662932,42,4,Agent
Patient,23,0,1,Lily,Triangle,triangle,Zach,Star,star,roll,rolled,rolled,roll,Lily Triangle is rolling Zach Star.,Lily Triangle rolled Zach Star.,The triangle is rolling the star.,The triangle rolled the star.,Zach Star is being rolled by Lily Triangle.,Zach Star was rolled by Lily Triangle.,The star is being rolled by the triangle.,The star was rolled by the triangle.,NA,NA,1.142868685,46,4,Patient
Patient,22,1,1,Lily,Triangle,triangle,Kyle,Square,square,roll,rolled,rolled,roll,Lily Triangle is rolling Kyle Square.,Lily Triangle rolled Kyle Square.,The triangle is rolling the square.,The triangle rolled the square.,Kyle Square is being rolled by Lily Triangle.,Kyle Square was rolled by Lily Triangle.,The square is being rolled by the triangle.,The square was rolled by the triangle.,NA,NA,1.181425755,50,4,Patient
Fixation,NA,NA,NA,,NA,,NA,,NA,,NA,,NA,,NA,,NA,,NA,,NA,,NA,,54,4,NULL
Patient,10,0,1,Kyle,Square,square,Lily,Triangle,triangle,shak,shook,shaken,shake,Kyle Square is shaking Lily Triangle.,Kyle Square shook Lily Triangle.,The square is shaking the triangle.,The square shook the triangle.,Lily Triangle is being shaken by Kyle Square.,Lily Triangle was shaken by Kyle Square.,The triangle is being shaken by the square.,The triangle was shaken by the square.,Did Lily Triangle shake someone?,N,3.133144699,58,10,PatientQ
Patient,38,0,1,Zach,Star,star,Lily,Triangle,triangle,roll,rolled,rolled,roll,Zach Star is rolling Lily Triangle.,Zach Star rolled Lily Triangle.,The star is rolling the triangle.,The star rolled the triangle.,Lily Triangle is being rolled by Zach Star.,Lily Triangle was rolled by Zach Star.,The triangle is being rolled by the star.,The triangle was rolled by the star.,NA,NA,1.258014934,68,4,Patient
Fixation,NA,NA,NA,,NA,,NA,,NA,,NA,,NA,,NA,,NA,,NA,,NA,,NA,,72,6,NULL
Agent,40,1,1,Zach,Star,star,Kyle,Square,square,shak,shook,shaken,shake,Zach Star is shaking Kyle Square.,Zach Star shook Kyle Square.,The star is shaking the square.,The star shook the square.,Kyle Square is being shaken by Zach Star.,Kyle Square was shaken by Zach Star.,The square is being shaken by the star.,The square was shaken by the star.,NA,NA,0.237065715,78,4,Agent
Fixation,NA,NA,NA,,NA,,NA,,NA,,NA,,NA,,NA,,NA,,NA,,NA,,NA,,82,6,NULL
Patient,41,1,1,Zach,Star,star,Lily,Triangle,triangle,shak,shook,shaken,shake,Zach Star is shaking Lily Triangle.,Zach Star shook Lily Triangle.,The star is shaking the triangle.,The star shook the triangle.,Lily Triangle is being shaken by Zach Star.,Lily Triangle was shaken by Zach Star.,The triangle is being shaken by the star.,The triangle was shaken by the star.,NA,NA,1.278591511,88,4,Patient
Fixation,NA,NA,NA,,NA,,NA,,NA,,NA,,NA,,NA,,NA,,NA,,NA,,NA,,92,6,NULL
Patient,35,0,1,Zach,Star,star,Lily,Triangle,triangle,bounc,bounced,bounced,bounce,Zach Star is bouncing Lily Triangle.,Zach Star bounced Lily Triangle.,The star is bouncing the triangle.,The star bounced the triangle.,Lily Triangle is being bounced by Zach Star.,Lily Triangle was bounced by Zach Star.,The triangle is being bounced by the star.,The triangle was bounced by the star.,NA,NA,1.336225782,98,4,Patient
Fixation,NA,NA,NA,,NA,,NA,,NA,,NA,,NA,,NA,,NA,,NA,,NA,,NA,,102,4,NULL
Agent,22,1,1,Lily,Triangle,triangle,Kyle,Square,square,roll,rolled,rolled,roll,Lily Triangle is rolling Kyle Square.,Lily Triangle rolled Kyle Square.,The triangle is rolling the square.,The triangle rolled the square.,Kyle Square is being rolled by Lily Triangle.,Kyle Square was rolled by Lily Triangle.,The square is being rolled by the triangle.,The square was rolled by the triangle.,NA,NA,0.277932897,106,4,Agent
Agent,20,1,1,Lily,Triangle,triangle,Zach,Star,star,bounc,bounced,bounced,bounce,Lily Triangle is bouncing Zach Star.,Lily Triangle bounced Zach Star.,The triangle is bouncing the star.,The triangle bounced the star.,Zach Star is being bounced by Lily Triangle.,Zach Star was bounced by Lily Triangle.,The star is being bounced by the triangle.,The star was bounced by the triangle.,NA,NA,0.327586554,110,4,Agent
Fixation,NA,NA,NA,,NA,,NA,,NA,,NA,,NA,,NA,,NA,,NA,,NA,,NA,,114,2,NULL
Patient,37,0,1,Zach,Star,star,Kyle,Square,square,roll,rolled,rolled,roll,Zach Star is rolling Kyle Square.,Zach Star rolled Kyle Square.,The star is rolling the square.,The star rolled the square.,Kyle Square is being rolled by Zach Star.,Kyle Square was rolled by Zach Star.,The square is being rolled by the star.,The square was rolled by the star.,Was someone rolled by Kyle Square?,N,3.412651049,116,10,PatientQ
Agent,11,1,1,Kyle,Square,square,Zach,Star,star,shak,shook,shaken,shake,Kyle Square is shaking Zach Star.,Kyle Square shook Zach Star.,The square is shaking the star.,The square shook the star.,Zach Star is being shaken by Kyle Square.,Zach Star was shaken by Kyle Square.,The star is being shaken by the square.,The star was shaken by the square.,NA,NA,0.394852472,126,4,Agent
Fixation,NA,NA,NA,,NA,,NA,,NA,,NA,,NA,,NA,,NA,,NA,,NA,,NA,,130,2,NULL
Patient,4,1,1,Kyle,Square,square,Lily,Triangle,triangle,bounc,bounced,bounced,bounce,Kyle Square is bouncing Lily Triangle.,Kyle Square bounced Lily Triangle.,The square is bouncing the triangle.,The square bounced the triangle.,Lily Triangle is being bounced by Kyle Square.,Lily Triangle was bounced by Kyle Square.,The triangle is being bounced by the square.,The triangle was bounced by the square.,NA,NA,1.338176019,132,4,Patient
Agent,19,1,1,Lily,Triangle,triangle,Kyle,Square,square,bounc,bounced,bounced,bounce,Lily Triangle is bouncing Kyle Square.,Lily Triangle bounced Kyle Square.,The triangle is bouncing the square.,The triangle bounced the square.,Kyle Square is being bounced by Lily Triangle.,Kyle Square was bounced by Lily Triangle.,The square is being bounced by the triangle.,The square was bounced by the triangle.,NA,NA,0.410086446,136,4,Agent
Fixation,NA,NA,NA,,NA,,NA,,NA,,NA,,NA,,NA,,NA,,NA,,NA,,NA,,140,2,NULL
Agent,7,1,1,Kyle,Square,square,Lily,Triangle,triangle,roll,rolled,rolled,roll,Kyle Square is rolling Lily Triangle.,Kyle Square rolled Lily Triangle.,The square is rolling the triangle.,The square rolled the triangle.,Lily Triangle is being rolled by Kyle Square.,Lily Triangle was rolled by Kyle Square.,The triangle is being rolled by the square.,The triangle was rolled by the square.,NA,NA,0.421878321,142,4,Agent
Patient,25,0,1,Lily,Triangle,triangle,Kyle,Square,square,shak,shook,shaken,shake,Lily Triangle is shaking Kyle Square.,Lily Triangle shook Kyle Square.,The triangle is shaking the square.,The triangle shook the square.,Kyle Square is being shaken by Lily Triangle.,Kyle Square was shaken by Lily Triangle.,The square is being shaken by the triangle.,The square was shaken by the triangle.,NA,NA,1.375220655,146,4,Patient
Fixation,NA,NA,NA,,NA,,NA,,NA,,NA,,NA,,NA,,NA,,NA,,NA,,NA,,150,4,NULL
Patient,25,1,1,Lily,Triangle,triangle,Kyle,Square,square,shak,shook,shaken,shake,Lily Triangle is shaking Kyle Square.,Lily Triangle shook Kyle Square.,The triangle is shaking the square.,The triangle shook the square.,Kyle Square is being shaken by Lily Triangle.,Kyle Square was shaken by Lily Triangle.,The square is being shaken by the triangle.,The square was shaken by the triangle.,NA,NA,1.376939543,154,4,Patient
Patient,22,0,1,Lily,Triangle,triangle,Kyle,Square,square,roll,rolled,rolled,roll,Lily Triangle is rolling Kyle Square.,Lily Triangle rolled Kyle Square.,The triangle is rolling the square.,The triangle rolled the square.,Kyle Square is being rolled by Lily Triangle.,Kyle Square was rolled by Lily Triangle.,The square is being rolled by the triangle.,The square was rolled by the triangle.,NA,NA,1.424076706,158,4,Patient
Fixation,NA,NA,NA,,NA,,NA,,NA,,NA,,NA,,NA,,NA,,NA,,NA,,NA,,162,6,NULL
Patient,7,1,1,Kyle,Square,square,Lily,Triangle,triangle,roll,rolled,rolled,roll,Kyle Square is rolling Lily Triangle.,Kyle Square rolled Lily Triangle.,The square is rolling the triangle.,The square rolled the triangle.,Lily Triangle is being rolled by Kyle Square.,Lily Triangle was rolled by Kyle Square.,The triangle is being rolled by the square.,The triangle was rolled by the square.,NA,NA,1.440842953,168,4,Patient
Fixation,NA,NA,NA,,NA,,NA,,NA,,NA,,NA,,NA,,NA,,NA,,NA,,NA,,172,2,NULL
Agent,25,1,1,Lily,Triangle,triangle,Kyle,Square,square,shak,shook,shaken,shake,Lily Triangle is shaking Kyle Square.,Lily Triangle shook Kyle Square.,The triangle is shaking the square.,The triangle shook the square.,Kyle Square is being shaken by Lily Triangle.,Kyle Square was shaken by Lily Triangle.,The square is being shaken by the triangle.,The square was shaken by the triangle.,NA,NA,0.431612932,174,4,Agent
Fixation,NA,NA,NA,,NA,,NA,,NA,,NA,,NA,,NA,,NA,,NA,,NA,,NA,,178,2,NULL
Agent,10,0,1,Kyle,Square,square,Lily,Triangle,triangle,shak,shook,shaken,shake,Kyle Square is shaking Lily Triangle.,Kyle Square shook Lily Triangle.,The square is shaking the triangle.,The square shook the triangle.,Lily Triangle is being shaken by Kyle Square.,Lily Triangle was shaken by Kyle Square.,The triangle is being shaken by the square.,The triangle was shaken by the square.,NA,NA,0.442615282,180,4,Agent
Fixation,NA,NA,NA,,NA,,NA,,NA,,NA,,NA,,NA,,NA,,NA,,NA,,NA,,184,4,NULL
Patient,26,0,1,Lily,Triangle,triangle,Zach,Star,star,shak,shook,shaken,shake,Lily Triangle is shaking Zach Star.,Lily Triangle shook Zach Star.,The triangle is shaking the star.,The triangle shook the star.,Zach Star is being shaken by Lily Triangle.,Zach Star was shaken by Lily Triangle.,The star is being shaken by the triangle.,The star was shaken by the triangle.,NA,NA,1.455599994,188,4,Patient
Patient,34,1,1,Zach,Star,star,Kyle,Square,square,bounc,bounced,bounced,bounce,Zach Star is bouncing Kyle Square.,Zach Star bounced Kyle Square.,The star is bouncing the square.,The star bounced the square.,Kyle Square is being bounced by Zach Star.,Kyle Square was bounced by Zach Star.,The square is being bounced by the star.,The square was bounced by the star.,NA,NA,1.5076542,192,4,Patient
Fixation,NA,NA,NA,,NA,,NA,,NA,,NA,,NA,,NA,,NA,,NA,,NA,,NA,,196,2,NULL
Patient,35,1,1,Zach,Star,star,Lily,Triangle,triangle,bounc,bounced,bounced,bounce,Zach Star is bouncing Lily Triangle.,Zach Star bounced Lily Triangle.,The star is bouncing the triangle.,The star bounced the triangle.,Lily Triangle is being bounced by Zach Star.,Lily Triangle was bounced by Zach Star.,The triangle is being bounced by the star.,The triangle was bounced by the star.,NA,NA,1.519214142,198,4,Patient
Agent,5,1,1,Kyle,Square,square,Zach,Star,star,bounc,bounced,bounced,bounce,Kyle Square is bouncing Zach Star.,Kyle Square bounced Zach Star.,The square is bouncing the star.,The square bounced the star.,Zach Star is being bounced by Kyle Square.,Zach Star was bounced by Kyle Square.,The star is being bounced by the square.,The star was bounced by the square.,NA,NA,0.526098789,202,4,Agent
Agent,7,0,1,Kyle,Square,square,Lily,Triangle,triangle,roll,rolled,rolled,roll,Kyle Square is rolling Lily Triangle.,Kyle Square rolled Lily Triangle.,The square is rolling the triangle.,The square rolled the triangle.,Lily Triangle is being rolled by Kyle Square.,Lily Triangle was rolled by Kyle Square.,The triangle is being rolled by the square.,The triangle was rolled by the square.,NA,NA,0.538501834,206,4,Agent
Patient,37,1,1,Zach,Star,star,Kyle,Square,square,roll,rolled,rolled,roll,Zach Star is rolling Kyle Square.,Zach Star rolled Kyle Square.,The star is rolling the square.,The star rolled the square.,Kyle Square is being rolled by Zach Star.,Kyle Square was rolled by Zach Star.,The square is being rolled by the star.,The square was rolled by the star.,NA,NA,1.52291682,210,4,Patient
Fixation,NA,NA,NA,,NA,,NA,,NA,,NA,,NA,,NA,,NA,,NA,,NA,,NA,,214,2,NULL
Agent,25,0,1,Lily,Triangle,triangle,Kyle,Square,square,shak,shook,shaken,shake,Lily Triangle is shaking Kyle Square.,Lily Triangle shook Kyle Square.,The triangle is shaking the square.,The triangle shook the square.,Kyle Square is being shaken by Lily Triangle.,Kyle Square was shaken by Lily Triangle.,The square is being shaken by the triangle.,The square was shaken by the triangle.,NA,NA,0.567560496,216,4,Agent
Patient,4,0,1,Kyle,Square,square,Lily,Triangle,triangle,bounc,bounced,bounced,bounce,Kyle Square is bouncing Lily Triangle.,Kyle Square bounced Lily Triangle.,The square is bouncing the triangle.,The square bounced the triangle.,Lily Triangle is being bounced by Kyle Square.,Lily Triangle was bounced by Kyle Square.,The triangle is being bounced by the square.,The triangle was bounced by the square.,NA,NA,1.54650123,220,4,Patient
Fixation,NA,NA,NA,,NA,,NA,,NA,,NA,,NA,,NA,,NA,,NA,,NA,,NA,,224,4,NULL
Agent,26,1,1,Lily,Triangle,triangle,Zach,Star,star,shak,shook,shaken,shake,Lily Triangle is shaking Zach Star.,Lily Triangle shook Zach Star.,The triangle is shaking the star.,The triangle shook the star.,Zach Star is being shaken by Lily Triangle.,Zach Star was shaken by Lily Triangle.,The star is being shaken by the triangle.,The star was shaken by the triangle.,NA,NA,0.577826041,228,4,Agent
Fixation,NA,NA,NA,,NA,,NA,,NA,,NA,,NA,,NA,,NA,,NA,,NA,,NA,,232,4,NULL
Agent,37,0,1,Zach,Star,star,Kyle,Square,square,roll,rolled,rolled,roll,Zach Star is rolling Kyle Square.,Zach Star rolled Kyle Square.,The star is rolling the square.,The star rolled the square.,Kyle Square is being rolled by Zach Star.,Kyle Square was rolled by Zach Star.,The square is being rolled by the star.,The square was rolled by the star.,NA,NA,0.596909361,236,4,Agent
Fixation,NA,NA,NA,,NA,,NA,,NA,,NA,,NA,,NA,,NA,,NA,,NA,,NA,,240,4,NULL
Agent,8,0,1,Kyle,Square,square,Zach,Star,star,roll,rolled,rolled,roll,Kyle Square is rolling Zach Star.,Kyle Square rolled Zach Star.,The square is rolling the star.,The square rolled the star.,Zach Star is being rolled by Kyle Square.,Zach Star was rolled by Kyle Square.,The star is being rolled by the square.,The star was rolled by the square.,NA,NA,0.61782496,244,4,Agent
Fixation,NA,NA,NA,,NA,,NA,,NA,,NA,,NA,,NA,,NA,,NA,,NA,,NA,,248,2,NULL
Patient,10,1,1,Kyle,Square,square,Lily,Triangle,triangle,shak,shook,shaken,shake,Kyle Square is shaking Lily Triangle.,Kyle Square shook Lily Triangle.,The square is shaking the triangle.,The square shook the triangle.,Lily Triangle is being shaken by Kyle Square.,Lily Triangle was shaken by Kyle Square.,The triangle is being shaken by the square.,The triangle was shaken by the square.,NA,NA,1.546853543,250,4,Patient
Patient,5,0,1,Kyle,Square,square,Zach,Star,star,bounc,bounced,bounced,bounce,Kyle Square is bouncing Zach Star.,Kyle Square bounced Zach Star.,The square is bouncing the star.,The square bounced the star.,Zach Star is being bounced by Kyle Square.,Zach Star was bounced by Kyle Square.,The star is being bounced by the square.,The star was bounced by the square.,NA,NA,1.596848465,254,4,Patient
Fixation,NA,NA,NA,,NA,,NA,,NA,,NA,,NA,,NA,,NA,,NA,,NA,,NA,,258,8,NULL
Patient,8,0,1,Kyle,Square,square,Zach,Star,star,roll,rolled,rolled,roll,Kyle Square is rolling Zach Star.,Kyle Square rolled Zach Star.,The square is rolling the star.,The square rolled the star.,Zach Star is being rolled by Kyle Square.,Zach Star was rolled by Kyle Square.,The star is being rolled by the square.,The star was rolled by the square.,NA,NA,1.599411467,266,4,Patient
Fixation,NA,NA,NA,,NA,,NA,,NA,,NA,,NA,,NA,,NA,,NA,,NA,,NA,,270,2,NULL
Patient,7,0,1,Kyle,Square,square,Lily,Triangle,triangle,roll,rolled,rolled,roll,Kyle Square is rolling Lily Triangle.,Kyle Square rolled Lily Triangle.,The square is rolling the triangle.,The square rolled the triangle.,Lily Triangle is being rolled by Kyle Square.,Lily Triangle was rolled by Kyle Square.,The triangle is being rolled by the square.,The triangle was rolled by the square.,NA,NA,1.601000679,272,4,Patient
Agent,23,0,1,Lily,Triangle,triangle,Zach,Star,star,roll,rolled,rolled,roll,Lily Triangle is rolling Zach Star.,Lily Triangle rolled Zach Star.,The triangle is rolling the star.,The triangle rolled the star.,Zach Star is being rolled by Lily Triangle.,Zach Star was rolled by Lily Triangle.,The star is being rolled by the triangle.,The star was rolled by the triangle.,NA,NA,0.642903699,276,4,Agent
Agent,19,0,1,Lily,Triangle,triangle,Kyle,Square,square,bounc,bounced,bounced,bounce,Lily Triangle is bouncing Kyle Square.,Lily Triangle bounced Kyle Square.,The triangle is bouncing the square.,The triangle bounced the square.,Kyle Square is being bounced by Lily Triangle.,Kyle Square was bounced by Lily Triangle.,The square is being bounced by the triangle.,The square was bounced by the triangle.,NA,NA,0.650362178,280,4,Agent
Patient,8,1,1,Kyle,Square,square,Zach,Star,star,roll,rolled,rolled,roll,Kyle Square is rolling Zach Star.,Kyle Square rolled Zach Star.,The square is rolling the star.,The square rolled the star.,Zach Star is being rolled by Kyle Square.,Zach Star was rolled by Kyle Square.,The star is being rolled by the square.,The star was rolled by the square.,NA,NA,1.681860347,284,4,Patient
Patient,38,1,1,Zach,Star,star,Lily,Triangle,triangle,roll,rolled,rolled,roll,Zach Star is rolling Lily Triangle.,Zach Star rolled Lily Triangle.,The star is rolling the triangle.,The star rolled the triangle.,Lily Triangle is being rolled by Zach Star.,Lily Triangle was rolled by Zach Star.,The triangle is being rolled by the star.,The triangle was rolled by the star.,NA,NA,1.781695338,288,4,Patient
Fixation,NA,NA,NA,,NA,,NA,,NA,,NA,,NA,,NA,,NA,,NA,,NA,,NA,,292,6,NULL
Agent,34,1,1,Zach,Star,star,Kyle,Square,square,bounc,bounced,bounced,bounce,Zach Star is bouncing Kyle Square.,Zach Star bounced Kyle Square.,The star is bouncing the square.,The star bounced the square.,Kyle Square is being bounced by Zach Star.,Kyle Square was bounced by Zach Star.,The square is being bounced by the star.,The square was bounced by the star.,NA,NA,0.65365205,298,4,Agent
Fixation,NA,NA,NA,,NA,,NA,,NA,,NA,,NA,,NA,,NA,,NA,,NA,,NA,,302,2,NULL
Agent,23,1,1,Lily,Triangle,triangle,Zach,Star,star,roll,rolled,rolled,roll,Lily Triangle is rolling Zach Star.,Lily Triangle rolled Zach Star.,The triangle is rolling the star.,The triangle rolled the star.,Zach Star is being rolled by Lily Triangle.,Zach Star was rolled by Lily Triangle.,The star is being rolled by the triangle.,The star was rolled by the triangle.,Was someone rolled by Lily Triangle?,Y,2.153520836,304,10,AgentQ
Fixation,NA,NA,NA,,NA,,NA,,NA,,NA,,NA,,NA,,NA,,NA,,NA,,NA,,314,2,NULL
Agent,4,1,1,Kyle,Square,square,Lily,Triangle,triangle,bounc,bounced,bounced,bounce,Kyle Square is bouncing Lily Triangle.,Kyle Square bounced Lily Triangle.,The square is bouncing the triangle.,The square bounced the triangle.,Lily Triangle is being bounced by Kyle Square.,Lily Triangle was bounced by Kyle Square.,The triangle is being bounced by the square.,The triangle was bounced by the square.,NA,NA,0.656535432,316,4,Agent
Patient,5,1,1,Kyle,Square,square,Zach,Star,star,bounc,bounced,bounced,bounce,Kyle Square is bouncing Zach Star.,Kyle Square bounced Zach Star.,The square is bouncing the star.,The square bounced the star.,Zach Star is being bounced by Kyle Square.,Zach Star was bounced by Kyle Square.,The star is being bounced by the square.,The star was bounced by the square.,NA,NA,1.808474697,320,4,Patient
Agent,35,1,1,Zach,Star,star,Lily,Triangle,triangle,bounc,bounced,bounced,bounce,Zach Star is bouncing Lily Triangle.,Zach Star bounced Lily Triangle.,The star is bouncing the triangle.,The star bounced the triangle.,Lily Triangle is being bounced by Zach Star.,Lily Triangle was bounced by Zach Star.,The triangle is being bounced by the star.,The triangle was bounced by the star.,NA,NA,0.684007172,324,4,Agent
Fixation,NA,NA,NA,,NA,,NA,,NA,,NA,,NA,,NA,,NA,,NA,,NA,,NA,,328,6,NULL
Agent,38,0,1,Zach,Star,star,Lily,Triangle,triangle,roll,rolled,rolled,roll,Zach Star is rolling Lily Triangle.,Zach Star rolled Lily Triangle.,The star is rolling the triangle.,The star rolled the triangle.,Lily Triangle is being rolled by Zach Star.,Lily Triangle was rolled by Zach Star.,The triangle is being rolled by the star.,The triangle was rolled by the star.,NA,NA,0.69647527,334,4,Agent
Agent,40,0,1,Zach,Star,star,Kyle,Square,square,shak,shook,shaken,shake,Zach Star is shaking Kyle Square.,Zach Star shook Kyle Square.,The star is shaking the square.,The star shook the square.,Kyle Square is being shaken by Zach Star.,Kyle Square was shaken by Zach Star.,The square is being shaken by the star.,The square was shaken by the star.,NA,NA,0.713615232,338,4,Agent
Fixation,NA,NA,NA,,NA,,NA,,NA,,NA,,NA,,NA,,NA,,NA,,NA,,NA,,342,4,NULL
Agent,11,0,1,Kyle,Square,square,Zach,Star,star,shak,shook,shaken,shake,Kyle Square is shaking Zach Star.,Kyle Square shook Zach Star.,The square is shaking the star.,The square shook the star.,Zach Star is being shaken by Kyle Square.,Zach Star was shaken by Kyle Square.,The star is being shaken by the square.,The star was shaken by the square.,NA,NA,0.766155826,346,4,Agent
Patient,19,1,1,Lily,Triangle,triangle,Kyle,Square,square,bounc,bounced,bounced,bounce,Lily Triangle is bouncing Kyle Square.,Lily Triangle bounced Kyle Square.,The triangle is bouncing the square.,The triangle bounced the square.,Kyle Square is being bounced by Lily Triangle.,Kyle Square was bounced by Lily Triangle.,The square is being bounced by the triangle.,The square was bounced by the triangle.,Did someone bounce Kyle Square?,Y,3.530568684,350,10,PatientQ
Fixation,NA,NA,NA,,NA,,NA,,NA,,NA,,NA,,NA,,NA,,NA,,NA,,NA,,360,2,NULL
Agent,35,0,1,Zach,Star,star,Lily,Triangle,triangle,bounc,bounced,bounced,bounce,Zach Star is bouncing Lily Triangle.,Zach Star bounced Lily Triangle.,The star is bouncing the triangle.,The star bounced the triangle.,Lily Triangle is being bounced by Zach Star.,Lily Triangle was bounced by Zach Star.,The triangle is being bounced by the star.,The triangle was bounced by the star.,Was Zach Star bounced by someone?,N,2.467997675,362,10,AgentQ
Fixation,NA,NA,NA,,NA,,NA,,NA,,NA,,NA,,NA,,NA,,NA,,NA,,NA,,372,2,NULL
Patient,40,1,1,Zach,Star,star,Kyle,Square,square,shak,shook,shaken,shake,Zach Star is shaking Kyle Square.,Zach Star shook Kyle Square.,The star is shaking the square.,The star shook the square.,Kyle Square is being shaken by Zach Star.,Kyle Square was shaken by Zach Star.,The square is being shaken by the star.,The square was shaken by the star.,Was Kyle Square shaken by someone?,Y,3.847245177,374,10,PatientQ
Fixation,NA,NA,NA,,NA,,NA,,NA,,NA,,NA,,NA,,NA,,NA,,NA,,NA,,384,4,NULL
Agent,4,0,1,Kyle,Square,square,Lily,Triangle,triangle,bounc,bounced,bounced,bounce,Kyle Square is bouncing Lily Triangle.,Kyle Square bounced Lily Triangle.,The square is bouncing the triangle.,The square bounced the triangle.,Lily Triangle is being bounced by Kyle Square.,Lily Triangle was bounced by Kyle Square.,The triangle is being bounced by the square.,The triangle was bounced by the square.,NA,NA,0.767528714,388,4,Agent
Fixation,NA,NA,NA,,NA,,NA,,NA,,NA,,NA,,NA,,NA,,NA,,NA,,NA,,392,2,NULL
Patient,34,0,1,Zach,Star,star,Kyle,Square,square,bounc,bounced,bounced,bounce,Zach Star is bouncing Kyle Square.,Zach Star bounced Kyle Square.,The star is bouncing the square.,The star bounced the square.,Kyle Square is being bounced by Zach Star.,Kyle Square was bounced by Zach Star.,The square is being bounced by the star.,The square was bounced by the star.,NA,NA,1.831028473,394,4,Patient
Fixation,NA,NA,NA,,NA,,NA,,NA,,NA,,NA,,NA,,NA,,NA,,NA,,NA,,398,8,NULL
Agent,41,0,1,Zach,Star,star,Lily,Triangle,triangle,shak,shook,shaken,shake,Zach Star is shaking Lily Triangle.,Zach Star shook Lily Triangle.,The star is shaking the triangle.,The star shook the triangle.,Lily Triangle is being shaken by Zach Star.,Lily Triangle was shaken by Zach Star.,The triangle is being shaken by the star.,The triangle was shaken by the star.,Did Zach Star shake someone?,Y,2.750628445,406,10,AgentQ
Agent,8,1,1,Kyle,Square,square,Zach,Star,star,roll,rolled,rolled,roll,Kyle Square is rolling Zach Star.,Kyle Square rolled Zach Star.,The square is rolling the star.,The square rolled the star.,Zach Star is being rolled by Kyle Square.,Zach Star was rolled by Kyle Square.,The star is being rolled by the square.,The star was rolled by the square.,NA,NA,0.774333596,416,4,Agent
Fixation,NA,NA,NA,,NA,,NA,,NA,,NA,,NA,,NA,,NA,,NA,,NA,,NA,,420,2,NULL
Patient,26,1,1,Lily,Triangle,triangle,Zach,Star,star,shak,shook,shaken,shake,Lily Triangle is shaking Zach Star.,Lily Triangle shook Zach Star.,The triangle is shaking the star.,The triangle shook the star.,Zach Star is being shaken by Lily Triangle.,Zach Star was shaken by Lily Triangle.,The star is being shaken by the triangle.,The star was shaken by the triangle.,NA,NA,1.862608185,422,4,Patient
Patient,23,1,1,Lily,Triangle,triangle,Zach,Star,star,roll,rolled,rolled,roll,Lily Triangle is rolling Zach Star.,Lily Triangle rolled Zach Star.,The triangle is rolling the star.,The triangle rolled the star.,Zach Star is being rolled by Lily Triangle.,Zach Star was rolled by Lily Triangle.,The star is being rolled by the triangle.,The star was rolled by the triangle.,NA,NA,1.869291747,426,4,Patient
Patient,11,0,1,Kyle,Square,square,Zach,Star,star,shak,shook,shaken,shake,Kyle Square is shaking Zach Star.,Kyle Square shook Zach Star.,The square is shaking the star.,The square shook the star.,Zach Star is being shaken by Kyle Square.,Zach Star was shaken by Kyle Square.,The star is being shaken by the square.,The star was shaken by the square.,NA,NA,1.881358471,430,4,Patient
Fixation,NA,NA,NA,,NA,,NA,,NA,,NA,,NA,,NA,,NA,,NA,,NA,,NA,,434,6,NULL
Agent,10,1,1,Kyle,Square,square,Lily,Triangle,triangle,shak,shook,shaken,shake,Kyle Square is shaking Lily Triangle.,Kyle Square shook Lily Triangle.,The square is shaking the triangle.,The square shook the triangle.,Lily Triangle is being shaken by Kyle Square.,Lily Triangle was shaken by Kyle Square.,The triangle is being shaken by the square.,The triangle was shaken by the square.,NA,NA,0.810114341,440,4,Agent
Patient,19,0,1,Lily,Triangle,triangle,Kyle,Square,square,bounc,bounced,bounced,bounce,Lily Triangle is bouncing Kyle Square.,Lily Triangle bounced Kyle Square.,The triangle is bouncing the square.,The triangle bounced the square.,Kyle Square is being bounced by Lily Triangle.,Kyle Square was bounced by Lily Triangle.,The square is being bounced by the triangle.,The square was bounced by the triangle.,NA,NA,1.883657123,444,4,Patient
Patient,20,1,1,Lily,Triangle,triangle,Zach,Star,star,bounc,bounced,bounced,bounce,Lily Triangle is bouncing Zach Star.,Lily Triangle bounced Zach Star.,The triangle is bouncing the star.,The triangle bounced the star.,Zach Star is being bounced by Lily Triangle.,Zach Star was bounced by Lily Triangle.,The star is being bounced by the triangle.,The star was bounced by the triangle.,NA,NA,1.888359052,448,4,Patient
Agent,5,0,1,Kyle,Square,square,Zach,Star,star,bounc,bounced,bounced,bounce,Kyle Square is bouncing Zach Star.,Kyle Square bounced Zach Star.,The square is bouncing the star.,The square bounced the star.,Zach Star is being bounced by Kyle Square.,Zach Star was bounced by Kyle Square.,The star is being bounced by the square.,The star was bounced by the square.,NA,NA,0.981117762,452,4,Agent
Patient,11,1,1,Kyle,Square,square,Zach,Star,star,shak,shook,shaken,shake,Kyle Square is shaking Zach Star.,Kyle Square shook Zach Star.,The square is shaking the star.,The square shook the star.,Zach Star is being shaken by Kyle Square.,Zach Star was shaken by Kyle Square.,The star is being shaken by the square.,The star was shaken by the square.,NA,NA,1.889574571,456,4,Patient
Agent,41,1,1,Zach,Star,star,Lily,Triangle,triangle,shak,shook,shaken,shake,Zach Star is shaking Lily Triangle.,Zach Star shook Lily Triangle.,The star is shaking the triangle.,The star shook the triangle.,Lily Triangle is being shaken by Zach Star.,Lily Triangle was shaken by Zach Star.,The triangle is being shaken by the star.,The triangle was shaken by the star.,Did someone shake Zach Star?,N,2.806501233,460,10,AgentQ
Patient,40,0,1,Zach,Star,star,Kyle,Square,square,shak,shook,shaken,shake,Zach Star is shaking Kyle Square.,Zach Star shook Kyle Square.,The star is shaking the square.,The star shook the square.,Kyle Square is being shaken by Zach Star.,Kyle Square was shaken by Zach Star.,The square is being shaken by the star.,The square was shaken by the star.,NA,NA,1.905957135,470,4,Patient
Fixation,NA,NA,NA,,NA,,NA,,NA,,NA,,NA,,NA,,NA,,NA,,NA,,NA,,474,6,NULL